{
  "seed": 2026,
  "device": "cuda",
  "best_epoch": 12,
  "best_validation_NDCG@10": 0.33257399414068867,
  "validation_HR@10": 0.5354380002683004,
  "validation_NDCG@10": 0.33257399414068867,
  "test_HR@10": 0.5013638599472343,
  "test_NDCG@10": 0.29871559842540857,
  "semantic_embedding_frozen": true,
  "embedding_checksum_before": "1f1339edf14fadd71ca158334cc6bf77b90cacc44b1dbc52df7db05e41339362",
  "embedding_checksum_after": "1f1339edf14fadd71ca158334cc6bf77b90cacc44b1dbc52df7db05e41339362",
  "projected_variance": 0.09084055572748184,
  "projected_norm_mean": 2.3255672454833984,
  "projected_norm_max": 5.093428134918213,
  "projected_pairwise_std": 0.24236628413200378
}