{
  "model": "BERT4Rec",
  "seed": 2024,
  "device": "cuda",
  "best_epoch": 79,
  "best_validation_NDCG@10": 0.21952707003524027,
  "validation_HR@10": 0.36327862987971205,
  "validation_NDCG@10": 0.21952707003524027,
  "test_HR@10": 0.3128828869114162,
  "test_NDCG@10": 0.18407751625866892
}