{
  "model": "GRU4Rec",
  "seed": 2026,
  "device": "cuda",
  "best_epoch": 39,
  "best_validation_NDCG@10": 0.17849223745111678,
  "validation_HR@10": 0.32750525421455084,
  "validation_NDCG@10": 0.17849223745111678,
  "test_HR@10": 0.28023968161695656,
  "test_NDCG@10": 0.1484702393116694
}