{
  "route_mode": "fixed_half",
  "best_epoch": 63,
  "HR@10": 0.4891114787819166,
  "NDCG@10": 0.29333392677419723
}