{
  "route_mode": "fixed_half",
  "best_epoch": 2,
  "HR@10": 0.47806644904529805,
  "NDCG@10": 0.2856672458532727
}