{
  "note": "Old separate-normalization results are retained only for comparison. Joint results use effective CF branch mass.",
  "models": {
    "Semantic-only": {
      "HR@10": 0.5013638599472343,
      "NDCG@10": 0.29871559842540657,
      "CF-Recovery": 0.0,
      "Semantic-Retention": 1.0,
      "Oracle-Gap-Capture": 0.0
    },
    "DualEvent old separate-norm": {
      "HR@10": 0.4891114787819166,
      "NDCG@10": 0.29333392677419723,
      "CF-Recovery": 0.4650974025974026,
      "Semantic-Retention": 0.7903701277432034,
      "Oracle-Gap-Capture": -0.22240259740259818,
      "gate_stats": {
        "mean_gate": 0.5,
        "std_gate": 0.0,
        "p10": 0.5,
        "p25": 0.5,
        "p50": 0.5,
        "p75": 0.5,
        "p90": 0.5,
        "CF-only_mean_gate": 0.5,
        "Semantic-only_mean_gate": 0.5,
        "Both-correct_mean_gate": 0.5,
        "Both-wrong_mean_gate": 0.5,
        "Tail_mean_gate": 0.5,
        "Mid_mean_gate": 0.5,
        "Head_mean_gate": 0.5
      }
    },
    "JointDualEvent": {
      "HR@10": 0.47806644904529805,
      "NDCG@10": 0.2856672458532727,
      "CF-Recovery": 0.5405844155844156,
      "Semantic-Retention": 0.7425483131346217,
      "Oracle-Gap-Capture": -0.42288961038961154,
      "route_stats": {
        "cf_branch_mass_mean": 0.5,
        "cf_branch_mass_std": 2.078068028765756e-08,
        "cf_branch_mass_p10": 0.4999999701976776,
        "cf_branch_mass_p25": 0.5,
        "cf_branch_mass_p50": 0.5,
        "cf_branch_mass_p75": 0.5,
        "cf_branch_mass_p90": 0.5,
        "CF-only_cf_branch_mass": 0.5,
        "Semantic-only_cf_branch_mass": 0.5,
        "Both-correct_cf_branch_mass": 0.5,
        "Both-wrong_cf_branch_mass": 0.5,
        "raw_gate_mean": 0.5,
        "raw_gate_std": 0.0,
        "raw_gate_p10": 0.5,
        "raw_gate_p50": 0.5,
        "raw_gate_p90": 0.5,
        "CF-only_raw_gate": 0.5,
        "Semantic-only_raw_gate": 0.5,
        "Tail_cf_branch_mass": 0.5,
        "Tail_raw_gate": 0.5,
        "Mid_cf_branch_mass": 0.5,
        "Mid_raw_gate": 0.5,
        "Head_cf_branch_mass": 0.5,
        "Head_raw_gate": 0.5
      }
    },
    "EventGate old separate-norm": {
      "HR@10": 0.4790949335956714,
      "NDCG@10": 0.2860600915310793,
      "CF-Recovery": 0.5422077922077922,
      "Semantic-Retention": 0.7523747133966591,
      "Oracle-Gap-Capture": -0.4042207792207809,
      "gate_stats": {
        "mean_gate": 0.9519553780555725,
        "std_gate": 0.1234438568353653,
        "p10": 0.8524261116981506,
        "p25": 0.9778231382369995,
        "p50": 0.9990746974945068,
        "p75": 0.9999947547912598,
        "p90": 1.0,
        "CF-only_mean_gate": 0.9706069046040185,
        "Semantic-only_mean_gate": 0.9708261459828021,
        "Both-correct_mean_gate": 0.9601879824779669,
        "Both-wrong_mean_gate": 0.9863436511029968,
        "Tail_mean_gate": 0.9826106735283081,
        "Mid_mean_gate": 0.9789034386569457,
        "Head_mean_gate": 0.9642908753101789
      }
    },
    "JointEventGate": {
      "HR@10": 0.49899387380941734,
      "NDCG@10": 0.30614619758055434,
      "CF-Recovery": 0.1534090909090909,
      "Semantic-Retention": 0.8830658368817557,
      "Oracle-Gap-Capture": -0.04301948051948132,
      "route_stats": {
        "cf_branch_mass_mean": 0.07634428143501282,
        "cf_branch_mass_std": 0.22137515246868134,
        "cf_branch_mass_p10": 2.9873889473286397e-10,
        "cf_branch_mass_p25": 6.828086185350912e-08,
        "cf_branch_mass_p50": 1.3724798009207007e-05,
        "cf_branch_mass_p75": 0.0025134035386145115,
        "cf_branch_mass_p90": 0.21816687285900116,
        "CF-only_cf_branch_mass": 0.012895660474896431,
        "Semantic-only_cf_branch_mass": 0.1058373972773552,
        "Both-correct_cf_branch_mass": 0.0397670716047287,
        "Both-wrong_cf_branch_mass": 0.08489825576543808,
        "raw_gate_mean": 0.06496510654687881,
        "raw_gate_std": 0.21460990607738495,
        "raw_gate_p10": 7.877317721727284e-12,
        "raw_gate_p50": 1.1384719300622237e-06,
        "raw_gate_p90": 0.08356726169586182,
        "CF-only_raw_gate": 0.009262322343491221,
        "Semantic-only_raw_gate": 0.08207716033719073,
        "Tail_cf_branch_mass": 0.14317084848880768,
        "Tail_raw_gate": 0.109987377140732,
        "Mid_cf_branch_mass": 0.05514068529009819,
        "Mid_raw_gate": 0.0418327651494136,
        "Head_cf_branch_mass": 0.030727416276931763,
        "Head_raw_gate": 0.019558061467674342
      }
    },
    "Oracle": {
      "HR@10": 0.5564548584715825,
      "NDCG@10": 0.33434676377631073
    }
  }
}