{
  "fixed_half": {
    "route_mode": "fixed_half",
    "best_epoch": 2,
    "HR@10": 0.47806644904529805,
    "NDCG@10": 0.2856672458532727
  },
  "learned": {
    "route_mode": "learned",
    "best_epoch": 27,
    "HR@10": 0.49899387380941734,
    "NDCG@10": 0.30614619758055434
  }
}