{
  "seed": 2026,
  "device": "cuda",
  "best_epoch": 36,
  "best_validation_NDCG@10": 0.17548566729755863,
  "validation_HR@10": 0.32813128828869115,
  "validation_NDCG@10": 0.17548566729755863,
  "test_HR@10": 0.28341456870723963,
  "test_NDCG@10": 0.14924012169318462,
  "random_HR@10_reference": 0.09900990099009901
}