{
  "HR@10": 0.5004248088360238,
  "NDCG@10": 0.2982719860136205,
  "CF-Recovery": 0.007305194805194805,
  "Semantic-Retention": 0.9932852931542745,
  "Oracle-Gap-Capture": -0.01704545454545507,
  "mean_gate": 0.015917034819722176,
  "gate_std": 0.03488260880112648,
  "cf_only_mean_gate": 0.007604575715959072,
  "semantic_only_mean_gate": 0.023243386298418045,
  "tail_mean_gate": 0.013218257576227188,
  "mid_mean_gate": 0.0139268534258008,
  "head_mean_gate": 0.020605366677045822
}