{
  "HR@10": 0.4967580378303448,
  "NDCG@10": 0.3031477222701201,
  "CF-Recovery": 0.10064935064935066,
  "Semantic-Retention": 0.92368162463151,
  "Oracle-Gap-Capture": -0.08360389610389676,
  "mean_gate": 0.08777102082967758,
  "gate_std": 0.16659428179264069,
  "cf_only_mean_gate": 0.054497651755809784,
  "semantic_only_mean_gate": 0.09544912725687027,
  "tail_mean_gate": 0.1660015732049942,
  "mid_mean_gate": 0.04992600157856941,
  "head_mean_gate": 0.047390904277563095
}