{
  "model": "BERT4Rec",
  "seed": 2026,
  "device": "cuda",
  "best_epoch": 27,
  "best_validation_NDCG@10": 0.17689159303109342,
  "validation_HR@10": 0.32258641506059116,
  "validation_NDCG@10": 0.17689159303109342,
  "test_HR@10": 0.2734874569601574,
  "test_NDCG@10": 0.14728593323035155
}