{
  "model": "GRU4Rec",
  "seed": 2025,
  "device": "cuda",
  "best_epoch": 36,
  "best_validation_NDCG@10": 0.17747902778608884,
  "validation_HR@10": 0.3286231722040871,
  "validation_NDCG@10": 0.17747902778608884,
  "test_HR@10": 0.28243080087644773,
  "test_NDCG@10": 0.14937163031709844
}