{
  "route_mode": "learned",
  "best_epoch": 27,
  "HR@10": 0.49899387380941734,
  "NDCG@10": 0.30614619758055434
}