{
  "route_mode": "learned",
  "best_epoch": 4,
  "HR@10": 0.4790949335956714,
  "NDCG@10": 0.2860600915310793
}